,value,value,value,value,value,value,value,value,value,value,value,value,value,value,value,value,value,value,value,value,value,value,value,value,value,value,value,value,value,value,value,value,value,value
movie_id,1,2,3,4,5,6,7,8,9,10,11,12,13,14,15,16,17,18,19,20,21,22,23,24,25,26,27,28,29,30,31,32,33,34
user_id,,,,,,,,,,,,,,,,,,,,,,,,,,,,,,,,,,
1,4.00323786667,3.92107891016,4.15595701531,3.52819939508,3.92045096874,4.14367365151,2.65584300756,4.066515876,4.01038720129,3.80522012944,3.53637500749,3.55976034119,4.96009126526,3.99934557271,3.26674620411,3.8873284834,2.41970090367,3.1546374616,4.12016762747,3.39604641076,4.01236709653,3.60843619277,3.48142326741,3.79840714636,3.79607986464,3.98460343767,3.33053552635,3.9905396594,3.45966709846,3.11013554202,2.72527047506,3.35882959276,3.0404924231,4.56758316935
2,4.97069187137,4.96796282552,4.44485072516,3.90384387785,4.83075998322,4.70647544269,3.39410824344,4.69851482584,4.53166381353,4.83730854088,3.96314315982,4.06606551719,4.77756145682,4.01290646555,3.99852155101,4.21788369744,2.52363305754,3.54345402634,4.19776499937,4.39948202228,4.99395194174,4.57452666662,3.82263951287,4.73223951208,4.31327724669,4.49423684677,4.414219848,4.16322950369,3.46239006565,4.38930682959,2.99430713937,4.34619145767,4.01267498795,3.99941079238
3,4.0172247227,3.98571518918,4.95570487303,4.08858642651,4.52872472382,4.27225459713,2.81851996134,4.33807923081,4.49071805954,4.36770458743,3.72442608355,3.53180376417,4.96493340182,4.19673488644,3.44365424414,3.62175543187,2.76378147063,3.42075225332,4.21578843713,3.4946928531,4.4402882292,3.0109184098,3.01600864901,3.86338892931,4.07958092065,4.31655156022,3.87945958089,4.47442432165,3.20632774037,3.24039743354,2.23505481993,2.59518669523,3.44396713755,4.59625261591
4,4.99106136241,4.98725904169,4.92900950719,4.9619599222,5.0105660735,4.96144510889,3.94456908855,5.07612089052,4.95155780764,5.01733191184,4.51135651508,3.82207922356,5.00035786626,4.20424298201,3.58300733378,4.37214629941,3.11574843993,3.5420711564,4.33933953139,3.98047758577,4.72194907421,4.59161361867,3.59823393965,4.9796025648,4.0629251001,4.74204944933,4.50325057323,4.90660066742,3.11635406664,3.41487789764,2.00757219616,4.2230805353,4.17063376759,4.64369812641
5,4.98062865804,4.23863154939,5.45865878033,4.37083047029,5.16266131818,4.55434492124,3.15219195933,4.63660445003,4.98207081536,4.91839570675,4.14184420438,4.10790863458,4.96851036269,4.67689046647,3.29302414748,4.26968504543,3.03011227797,3.43748314791,4.96974449441,3.39060116566,3.99507194966,3.48914262098,3.10938324552,4.4336802407,4.50419308988,4.72163629257,3.73644286452,5.07288450275,3.01724650041,3.61148225754,2.99626951235,2.03179188701,4.98074985095,4.98731098488
6,4.97067441433,4.9645397493,4.16857608296,3.87804861024,4.50649044598,4.54202801905,3.55470226193,4.70810724662,4.28688900323,4.62380228034,3.88481745946,3.78735110102,4.32509935885,3.63202411382,3.90811582936,4.09994913026,2.54100108296,3.08644573041,3.7342314168,4.18588674552,4.88898387165,4.81577313217,3.90701604018,4.84721839335,4.01588193973,4.21809618349,4.7345310132,3.83659274911,3.47620170364,3.81148946483,2.01072042243,4.97928133464,4.00168315879,3.01666230708
7,4.97887441095,4.18403769676,4.21946846573,2.04110028264,4.14535077178,4.23858204405,2.82856165345,4.04061463228,4.00201261532,4.11453205596,3.32813783613,4.96767848213,4.98859576875,4.91270766299,4.04021389808,4.98348433465,2.19694677249,2.94163218887,4.26489588103,4.51937860306,4.62132131865,4.99594162046,4.98160244752,4.6937591293,4.54508161681,3.98714902518,3.79688009958,3.66668297232,5.17064728963,4.44666547251,4.2832723208,4.51890108,4.58403958624,4.00294554124
8,4.03316504485,4.61052853029,4.98834148207,4.09361884716,4.81290533391,4.38025765278,3.45399503069,4.45689590314,4.89242308194,5.00205972595,4.26066501393,4.02932591479,4.41346045024,4.98475839857,3.4822815549,4.04703256335,3.28417622769,4.05572904187,3.66351104465,3.94005580964,5.03681408547,3.63496402912,3.0011897773,4.48086885331,4.26794159056,4.69720179021,4.96124517097,4.96460300595,3.39828567676,3.4742094863,2.0991938339,3.15544904887,3.79368009417,4.45596727066
9,4.9858534472,4.6395914184,4.99912558349,4.14355121531,4.87217117789,4.66792528049,3.40878472467,4.79646505951,4.76954787017,4.76358256399,4.35262901999,4.28932042311,4.99906247841,4.86775146675,3.36224575777,4.97777951564,2.97328919768,3.45276941217,4.36369803259,3.59057397907,4.5964758827,4.56567436466,3.97249699278,4.75433937855,4.4210235717,4.74340304906,4.05405894982,4.97496044325,3.99827343915,3.44637189937,2.61057715202,3.73304867348,4.46131953502,4.89085562102
10,4.00962682377,3.98573070694,4.00059533433,2.52477777937,3.92478067756,4.25191038316,2.77861251878,4.01830422925,4.00645772238,3.90285202731,2.51139345475,4.0114782529,4.99038051573,3.01978112239,4.9508415535,3.55012479881,2.99754632076,2.79555438778,4.52258213856,5.07672041539,3.97921812656,4.00159017376,4.96046861685,4.03773856183,3.647046699,3.57223184261,3.89741676658,3.2065500189,4.99790631987,5.32964873784,2.97116077192,4.66425372438,3.29892179779,4.02197628549
11,4.95883356082,4.00816632139,4.97575581139,3.57040621582,4.60344534901,4.33316475909,2.70050511562,4.41985383371,4.31455749331,4.53278554571,3.70283734279,4.15674782847,4.45533045405,4.96987847942,3.30913001735,4.01839588597,2.79834724593,3.37670343111,4.01877434575,4.07772993098,4.56787859885,4.12661825441,3.21088329606,4.32831015414,4.39717283284,4.05833101776,4.18831915142,4.18009074123,3.77798262405,2.99432826037,3.22227649629,3.1325081222,4.99575010405,3.01318290427
12,4.98959505322,4.64825905396,4.9820230169,3.99848661493,4.92020529081,4.87672180293,3.50796433427,4.98193020138,4.7670937593,4.76017600376,3.33164305148,4.02263442916,5.23807611441,3.02680980247,4.97580698294,4.02139615009,3.3867836415,2.8342041341,4.9606720327,4.92048631984,4.34880464024,4.39467591492,4.97437688189,4.72631737526,4.00554392036,4.30225335955,4.38865990419,4.14513476715,4.67499112706,5.2029375811,1.97712562664,4.64060141576,4.22475726426,4.20453058204
13,4.00197640453,4.33269967992,4.17324813994,3.77144003765,4.8616936857,4.10161108343,4.92760398785,4.05582088155,4.5380592117,4.94066639994,3.55136524599,3.53177045749,4.00120200794,2.97754011618,3.97357757719,3.4063928917,1.83573674045,2.74998214634,2.79021007515,4.1342922907,4.89465835771,4.00797538448,3.01023033158,5.36259173327,3.29163084054,3.9728755522,4.67107191065,3.97489402155,2.04969278751,4.13941766508,0.790751553301,3.93239061286,3.96176365111,4.2095529143
14,4.97652797302,4.03288152825,4.9917239501,3.80403797302,4.98623981313,4.55707205539,3.66034489729,4.61412753223,4.53616591861,4.65276794312,3.63871974171,4.15005753081,4.98431509746,4.4160543022,3.73373099107,4.38435766434,2.58753449307,3.03153623447,4.19474888249,3.97220411555,4.78710136604,4.52164352649,3.79456049416,4.97068153777,4.24000251685,4.12095689897,3.95618378408,4.287198288,3.83875017275,3.45170099108,2.64372538195,4.00707245431,5.19861253691,4.49729218905
15,4.97486781315,4.76180938999,5.00567071129,4.96998749428,4.96948688687,4.87699035683,3.57235993956,5.0437535989,4.90996299585,4.85836931535,4.33284865487,3.76314346843,4.99505974032,4.00833780737,3.52681165713,4.31367518697,3.20528514832,3.51390509493,4.46101706417,3.69791613046,4.25270681204,4.34925900672,3.53547268177,4.66145288457,4.05071655632,4.70805892556,4.12502517721,4.97983633,3.32258744996,3.38676610959,1.85065499101,3.58049167086,4.10024106021,4.5719815669
16,4.00816670363,3.83334819102,3.99197205943,2.90263665219,4.55811395336,4.23671193565,3.12254550676,4.00299278631,3.90607188977,4.4430232176,2.76360478728,3.65307672398,4.03335576869,3.5741811055,3.97114873217,3.67277961424,3.10764143706,2.9773673629,3.85690599385,4.58160301744,4.50748339858,4.32933801836,3.82315436429,4.20138877822,3.43321689211,3.37239038502,3.89806870584,3.16078691175,3.87652784579,4.97483690591,3.68284422107,4.98332740692,4.9803881344,3.99798898261
17,3.99816976488,3.99742188172,4.02848621816,3.54835352535,4.92083224394,4.14927325452,2.88698156813,4.14045006886,4.10025032252,4.51610404209,3.04661179546,3.50243137957,3.98875407449,3.51501220494,3.71019854901,3.49883002847,2.3493034784,3.94566216218,3.27069258361,3.40807503734,4.71034383349,3.82816443763,2.46644813314,4.0169802662,4.03471273716,3.87856638102,3.73681523312,3.71568983688,3.18039338275,4.19470921369,2.63057388064,3.31372892783,4.20234301891,3.96174815052
18,4.98550327686,4.49608457294,4.98643109844,3.76296916728,4.95654207905,4.59053244412,2.92012717182,4.72981118778,4.64775126727,4.69143459947,3.92169100261,4.39089915466,4.99851061456,4.99185349485,3.7828105504,4.53930251643,2.7330215856,3.90660343154,4.38086717115,3.63283107384,5.00288684899,4.26084362631,3.52945882292,4.58030307083,4.97124032324,4.59527851493,4.28923410304,4.53489624846,4.1684216123,3.53101951832,3.09575735649,3.51133932568,4.68978334854,4.27793597834
19,4.92349490443,4.98928223474,4.48654266353,3.89483608561,5.34448503903,5.01644092047,3.36211265108,4.8802819867,4.97080911094,5.17627543061,3.59232221915,4.65545123261,4.87519091018,4.29979614332,4.97715540591,4.01524642437,2.8639996059,5.11825086148,3.80654066127,4.36624803347,5.00006841883,4.96526210019,3.014404332,5.00453269316,4.97956791851,4.60711843751,5.0181828549,4.32695231556,4.30929671582,4.87384460696,2.98910608578,3.83883744443,4.65614405134,3.58227901092
20,4.72662258572,4.97215666978,4.47145939947,3.98998257868,4.98906974549,4.78056895779,3.8989681668,4.67601614065,4.69535988569,4.98317938066,4.01722869065,4.07336514325,4.94098238912,4.01631287695,4.07139405844,4.31903036126,2.65006755958,3.53045140237,4.25545864483,4.58517894369,5.18694794762,4.61901073665,3.99675766082,4.97664571905,4.1311864821,4.53946295932,4.41002215592,4.32431005987,3.35415302793,4.6479902996,2.99082320919,4.73150279342,4.00230879987,4.99091633845
21,3.08981862876,3.96653891398,3.16359559125,3.24151817996,3.00962242848,2.92612961098,2.41651107179,3.02158883321,3.45229610761,3.4945218099,3.96131808382,2.68354547455,3.00787190853,3.26636179196,1.65439758223,3.19283762621,1.30007739738,2.5661999512,2.42381868717,1.99982617568,3.00298322881,2.27900097153,1.85975088039,3.01072672491,2.91152237049,3.96455816869,3.1568835993,3.9920940025,1.00584891815,2.23903503297,1.04842728742,1.00855038963,1.23881577196,3.02720349204
22,4.38380972211,4.00975927136,3.80056549506,3.31081294339,4.37834215602,4.16645299597,3.9839516831,4.03636261742,3.99936170575,4.3482360976,3.45861143751,3.80426474794,4.0672944006,3.85680607293,3.33370438921,4.11180679689,2.11522668017,2.89860934579,3.00375140841,3.90958202204,4.46353422557,4.96828542419,3.40242721941,4.97536963793,3.40181686025,3.60964471255,3.88767936556,3.68326892699,3.14390264228,3.34903335795,2.35810284213,4.63624951746,4.57036151528,3.85905337795
23,3.7746530657,3.98540981704,3.77143183916,2.79664310532,3.7477889826,4.15164686766,2.00781996122,3.7759405051,3.76349922421,3.75975724692,3.44298809541,3.95929501118,4.84615124969,4.98476717634,3.09642760344,4.06928894878,2.82327769256,3.88917579994,4.33514718474,4.23979284876,4.46317023602,3.91211680579,3.65683470964,3.42703254735,3.99740742436,3.86980698816,3.2177856661,3.74637301243,3.98534589181,3.62682118135,4.97802782804,4.00384825472,3.01528307666,4.98661834922
24,4.97599062172,4.99630711686,4.97914842297,3.6981776023,4.99005540792,4.99804146763,3.58706770189,4.97230283943,4.89565371393,5.00932802836,3.70043559616,4.52044686872,5.34057669899,4.15446610002,4.97773095015,4.39658484222,3.444541906,3.49586514974,4.85726743858,5.29659964569,5.195098288,4.7357902326,4.9695822196,5.00300924126,4.48849886976,4.55175108526,4.97766541073,4.27820374958,4.90421836537,5.22441351853,2.98356685242,5.19249074376,4.36220917113,4.4697157664
25,4.41851981052,4.97464069423,4.01962164051,3.62473974484,4.75066104969,4.3654702233,3.91748790868,4.31541983599,4.49382880281,4.98278052799,3.91718173808,3.97143881864,4.00672910453,3.89906996337,3.93706747927,3.87463814543,2.26212001311,3.72001055609,3.1409494735,4.23843338338,5.14105658725,4.47526191225,3.11281539014,4.97664089815,4.03987516608,4.35170074414,4.97962352757,4.0296904628,2.82706785798,4.33755192713,2.23882702252,4.21748028378,3.87394653587,3.51548383061
26,4.94590758085,4.99619692348,4.69488750431,4.1479921257,4.99834251235,4.99127803194,3.58536899049,4.9801630903,4.81617530176,5.01459543788,4.02336674652,4.29557335765,4.93282514263,4.52770481072,4.291776684,4.35925236806,3.26341934856,4.08577442836,4.18295276028,4.50198175528,5.13369795551,4.98285985679,3.81551258652,5.00114534753,4.48183033844,4.53497811644,4.96845876303,4.39402169725,4.15774623028,4.14919482603,2.86070854072,4.87304971037,4.58083144176,4.00137945109
27,4.93028214528,5.01198141188,5.08063839956,4.5972758196,4.98684550526,4.72306007738,3.92671837957,4.82871401498,4.91194870728,5.11312716091,4.93997261974,4.06550686496,4.92091279484,5.04549409518,3.0046209193,4.86597010394,2.62264991315,3.40283563952,4.07685873028,3.73785040463,5.17878531677,4.39261610759,3.56133962172,4.99402335106,4.28086159282,4.99405029798,4.46802544233,5.17431907442,2.86534219232,3.21044685152,2.46511566202,3.77876619022,4.13230149721,5.00102175097
28,4.9456221765,5.00174669996,5.15827149372,4.1864289593,5.27083560773,4.80831943515,3.54288283335,4.94602480476,5.09407466463,5.19787347851,4.31149912215,4.51389689304,4.97809192711,4.99817697284,4.07948272801,4.57004743558,2.97496782584,4.26158120746,4.1854157344,3.97083143299,5.33919714244,4.38268204218,3.48546308664,4.99558398947,4.97943738624,4.98325403232,4.97948149636,4.97660644023,3.97358174917,3.93136183362,2.51169374662,3.63896564221,4.48389400867,4.48079895317
29,4.99237772275,4.97697311219,4.79328207906,3.99385999806,4.99436684285,4.7831802653,3.61824592538,4.81470918713,4.76916660334,4.9726608935,4.42550402427,4.39811061417,4.9999403671,4.99262724232,3.62257499726,4.97730968956,2.75236930904,3.72361352983,4.21867238914,3.95870335267,5.25420393218,4.81528700245,3.96744286209,4.99326252781,4.59222021806,4.80444640602,4.46747232574,4.74576278768,3.84461256592,3.89148287309,3.10295211704,4.42291780241,4.45791565067,4.88063875567
30,3.96739889089,3.90400195989,4.97484145526,4.12246939536,4.98164514099,3.69839881707,3.27658383786,4.0514232064,4.55430804208,4.96729312483,3.86988915656,3.392111356,3.04684498514,3.99382875007,2.50953017932,3.69869448361,2.99107225376,3.12137594356,2.98743712687,3.05638370231,4.00476029185,3.00804071405,2.22529850175,4.00260393429,3.55549799096,4.30217346334,4.00985807796,4.95620307246,2.4328734166,3.26063441677,0.978012364428,1.45377813209,4.39247718304,3.70435978779
31,4.52962680044,4.58148649516,5.00087995139,4.30543959194,4.94028801034,4.66793221066,3.48107721518,4.7642616351,4.95826919853,4.82645175942,4.02682794353,4.11313324585,4.97179628435,4.3105830304,3.88011787345,4.36384520014,3.35737239724,3.78173502317,4.35403484026,3.82569677692,4.41236901519,4.1016160249,3.71591817379,4.60830479864,4.26124520921,4.69838249076,4.29264591516,4.98841873536,3.991194046,3.87148539416,2.00482058033,3.41842902014,4.0019958925,4.99272204917
32,4.52664389812,4.3039590316,4.97819308319,4.95831986534,4.6847539848,4.79716544132,2.98612698692,4.90340039626,4.64185210822,4.52851468705,4.04674050024,3.40215035601,4.9895230603,4.07468608391,3.24998137492,3.99675055364,3.66524793078,3.51480819568,4.59435737224,3.69215768951,4.00103120917,3.9854929953,3.39069045918,4.02285046008,3.74259698613,4.35970070355,3.76686873513,4.75440211616,3.50848004738,3.06145545947,2.2760377977,3.5940448616,3.96888582931,4.61530771823
33,4.99344146747,5.02001030322,5.00171005521,4.62028531583,5.3879666423,4.98627038705,4.94884448709,4.98348659584,5.10316725542,5.42272827251,4.44804944628,4.11453221158,5.00011081942,4.21346864205,3.96672681811,4.56440962608,2.76953567262,3.20403090975,4.0023215506,4.62489451921,5.44163177925,4.99363778895,4.00045677581,5.76695204171,3.94801174706,4.67886800571,4.87524351047,4.81318698686,3.04344267052,4.09944002246,1.98142180949,5.01863294564,4.75704380703,5.19694296577
34,4.34513778094,4.49953912691,4.99973425163,4.75523324958,4.70619791097,4.82947188573,4.04829397794,4.62745806215,4.95703609936,4.97944120956,4.24564235055,3.69430167162,4.97475394865,3.8354743693,3.53288693601,3.99985921627,3.65316314178,3.02231965579,4.36179728696,4.82167644552,3.86561249539,4.16346358176,3.92949359087,4.62336715906,3.05206026962,4.42333623913,4.09116561105,4.9822271309,3.08219651466,4.14162084938,2.16499361582,3.68457322623,3.740657778,5.07582258314
35,4.90732869403,4.62116035622,4.99637888757,3.30441930141,5.10422090619,4.54602717306,2.80789740039,4.43832012196,4.91314049816,4.99899613516,4.00582918863,4.9845796676,4.99769784341,4.98853229442,4.02857421226,4.96110861168,2.44987139763,4.2114102315,4.095186082,3.59329369503,4.30341041607,4.23020593792,3.58229381203,4.48663430386,4.99561125992,4.99029425189,4.00804217939,5.00371021674,4.47479131781,4.97732310195,3.40607435535,2.02560699977,4.46679697181,4.4339700488
36,4.61304798057,3.99772885603,4.97802713546,3.69640194574,4.36015833397,3.99729726794,4.28760903345,4.33373290586,4.27418436872,4.32933025248,3.87419638947,3.50575249931,4.59592189463,3.57991875971,3.10999918829,4.4915801496,2.45378266044,1.02238128176,4.24918812438,3.93661217363,4.56213081296,3.88872202908,4.97787273374,4.96698289092,3.26918631702,4.01298470705,3.81950388008,4.28214495496,3.23614703635,3.12129832232,1.00991240016,4.56708685009,4.19938018576,4.99286939556
37,4.9985215468,5.11858749528,5.00315819884,4.70730662845,4.8928877356,4.85084558431,3.78136945477,4.9795017952,4.87334740736,4.99722456105,4.95217954139,4.00707423571,5.07004222969,4.9720206797,3.06297001899,4.98922501688,2.8776999723,3.41261600183,4.34733276676,3.69735170769,5.08302833969,4.57121422043,3.84812912354,4.90692786439,4.28314930045,5.00058568168,4.41015914699,5.12557203657,3.16132396407,3.20989048764,2.56242426391,4.24241490839,4.0538491515,5.09272961879
38,4.17611181083,3.73863797604,4.95251046701,3.65623898609,4.96508997053,4.00378496204,2.93187451102,4.24646639363,4.21577565625,4.6352207407,3.2573803331,3.45046233576,4.00796993978,3.97350837523,3.36433082986,3.56907203855,2.70358259094,3.00734762419,3.67593735687,3.75185496404,4.99251767813,3.26462431899,2.99938797171,4.01309333824,3.99981209319,3.91731957115,3.97918417855,4.01397577175,3.29595619941,3.63452235229,2.21990542724,3.11067652219,4.6392505811,3.88750960978
39,4.8137197122,4.94631796107,5.00831666642,4.27751158238,5.242531296,4.75983127797,3.1253454779,4.96666654781,4.99030030789,4.99633993893,4.01970470752,4.22259749466,5.00294205838,4.34294062757,4.25902008175,4.31045495427,2.96224404234,4.30921654518,4.38178121705,3.58143328312,5.00268273498,4.01074808872,3.37997471971,4.57331009839,4.98655010963,4.95603497466,4.63735852945,4.81990209297,4.00148426365,4.21384872938,2.24953055345,3.2979875394,4.07353249238,4.4862621819
40,4.97362938742,4.5738230791,5.19926605212,4.97685048768,4.42467492358,4.64523335001,3.98659866246,4.96404812997,4.49470128524,4.49813730424,4.99391021966,3.34287040764,5.01279353919,4.71256812951,2.04994945103,5.21296508322,3.48024979332,1.7220389023,4.99083937865,3.86284842531,4.66695628138,4.51356194419,4.96084130967,4.71683473835,3.28131871334,4.52194257746,3.57235934522,5.09203720959,3.06592381967,2.12607579883,2.19861184887,5.31072630226,4.12073972607,5.97072977585
41,4.59177416854,4.58650820601,4.79949977611,4.96276905932,4.99263754,4.9821875482,3.30549175406,4.97657616451,4.90680520251,4.83382583628,3.89538208424,3.65192083376,4.99345807675,3.73455653901,3.9858317969,3.77003558731,3.5184127612,4.14660759351,4.35454795826,3.78693325826,4.00822737003,4.21847074374,3.00878586046,4.38667926994,3.984122113,4.47843366653,4.21596802112,4.69251766472,3.45720062635,3.81184567251,2.10727306537,3.45269322243,4.12331594978,4.30049877519
42,4.03221971673,4.34722610687,4.17832378219,3.99001899279,5.00884921524,4.34249486361,2.91348119949,4.45594869399,4.46440376603,4.64345984567,3.44894469808,3.76367990264,4.13332474455,4.18131391172,3.83597941339,3.60683504251,2.63207144779,4.95883601568,3.03492383166,3.00313139583,4.98259717209,3.98795096665,1.930584814,4.23022196639,4.61831650058,4.28762946508,4.43967832039,4.23019476605,3.47979671513,3.38746147266,2.01364701977,3.09939288387,3.99104169779,3.73260301361
43,4.28585988804,4.27377440237,4.28403833822,3.42855861131,4.0099220273,4.32934987582,2.8897883771,4.18288019423,4.10300698959,4.11807469769,3.97795027087,3.91506243579,4.97198055463,4.97848179748,3.15141472396,4.22251988318,2.50830615758,3.36826464385,4.10949544491,3.90585327681,4.79453414522,4.09394933454,3.59351501334,4.21235795304,4.10060129897,4.12522611848,3.98544706422,4.01651371355,3.45204121006,2.95580527717,3.6136685404,4.17940900172,3.59068064264,4.39360601907
44,4.22839578601,4.11933465948,4.1084071857,3.68059738803,4.97899542648,3.99134896475,3.99554918978,4.07250161768,4.30289666127,4.75579004921,3.57739757198,3.65366632084,3.74705553755,3.84986834676,3.36767298684,3.68235892614,1.607290165,3.58209295388,2.53033909924,3.00373667871,4.99707182036,4.07247835138,2.02522439348,4.95057658206,4.03621503536,4.01394763346,4.31302923385,3.99131367568,2.22005193613,3.20946525053,1.52740695931,3.15498455047,4.59201995501,3.66448239918
45,4.62861157968,4.50809763682,4.56544281815,4.03207387582,4.96359781367,4.98308726267,2.03362869017,4.94947421908,4.66043542101,4.57165828826,3.06386281083,4.13523527923,5.08234890693,3.89460615033,4.96543351642,3.5662727621,3.63463340292,5.13134374037,4.5179629756,3.90874732751,4.20910178476,4.23476091275,3.01723218282,3.84857646022,4.90911301727,4.31843275328,4.39629412081,4.03615559812,4.99783935296,4.6633923194,3.17670578336,3.40328223949,4.28248516395,3.26515170968
46,5.19351645843,4.93295861302,4.97924837403,4.07756715827,5.21083350379,4.9992946235,3.45213192602,5.03799493394,4.97191369633,5.00768762695,4.22206452067,4.66904227305,5.30110745792,5.06735190754,4.1046051143,4.98614919464,3.02564989003,4.22761253475,4.47980462207,3.91465859089,5.10688318322,4.98622187826,3.92560664363,5.06143199548,4.97965427814,4.8660740439,4.53638347887,4.84354002209,4.4831113919,4.01087388053,3.15204748041,4.2527855542,4.84192089443,4.82749952323
47,4.75042641134,4.91408249973,4.48250336271,4.16852446392,4.87574681384,4.97664604921,3.62338140348,4.75634093292,4.71676012733,4.97289548202,4.06783841036,4.18425996022,4.99646243211,4.30391606579,4.02391574816,4.29963531777,3.00476190682,3.98516064601,4.04934631937,4.82650884757,4.85929063158,4.97672828692,3.80214213545,4.81474521143,4.00365603449,4.47640003595,4.42299659799,4.44722479578,3.75258141297,4.43506604823,3.22717158315,4.57321094017,4.01273448589,4.43208049464
48,4.60817874059,4.44855243317,4.48463766601,3.70575151061,4.52495861052,4.94421594679,2.38191017767,4.67201167947,4.51916856305,4.4504674546,3.44328034335,4.34936983968,5.27506235448,4.45327082957,4.36298782572,4.0977624181,3.62447600281,4.43588138955,4.62083193907,4.66513128663,4.1188109007,4.66393917694,3.88374492746,4.01871071476,4.32065343741,4.22794043656,4.02103177501,4.18394276756,4.97828398305,4.52406450168,3.99130597028,4.00678520304,4.0096851276,4.00472870312
49,4.79954329762,4.58626102035,4.7004265942,4.43458571761,5.04891121964,4.95220862998,3.87469842279,4.79684375889,4.62903792089,4.96088237997,4.09826987936,3.79108582178,4.99342766906,4.44936667538,3.54716040709,4.26534025859,3.04887940208,3.44656894665,4.42879224027,4.36251969957,5.04164174368,4.74694300631,3.56909386331,4.92261232699,3.90649787914,4.25122877176,4.21314880924,4.26596064719,3.0226440919,3.82838493894,3.52996399406,4.99303481698,4.98469529184,4.99515694904
50,4.3887694585,4.74865123301,5.24714579335,4.02012832625,5.08057161624,4.45644934616,3.09976442056,4.65239468741,4.98248359745,4.98558721758,3.95019300383,4.0764153119,4.97942718492,4.42283385445,4.28658960136,3.74865053785,2.71123292252,4.03205304089,4.32294771336,3.78255598428,5.30315688669,3.04004344598,3.09161406466,4.39419082234,4.97631800168,4.90982809613,4.97501670146,4.69903090698,3.44188457851,4.13760590578,2.08141971427,2.65048511564,3.63670058583,4.34357186854
51,4.32708420385,3.87148052736,4.20818303103,3.52848368667,4.30475563686,4.26919974026,2.65077198016,4.18321822275,4.02038550669,3.96461636282,3.42096971773,3.72049675291,4.96592698995,4.00706842317,3.31775317614,4.131049529,2.2444618715,3.30462448388,4.12319530253,3.36462374799,4.12106161776,3.9919796047,3.45516443051,3.92875264187,3.97931910144,3.98357042762,3.03192699184,3.98765427665,3.64156449681,3.42371213539,3.13568909432,3.37649367479,3.68620873412,4.70680538539
52,3.94356718712,4.12818612992,3.90878953621,2.8548332762,4.8200702214,3.91800258181,3.4239633456,3.82146466489,3.99692716599,4.94917485343,2.83013708974,3.59002538793,3.01490301113,3.36733357745,4.09658815821,2.95124421759,2.41775090947,3.35594927387,2.60997964987,4.53957422945,5.02992940947,3.94130431075,2.53309438285,4.45966548425,3.63008684305,3.4623175586,4.96549632563,3.03571826946,2.80222843546,4.99362292579,2.62834482784,3.99906836818,4.98728287572,2.18270555195
53,4.77370252476,4.9761922604,5.03154751738,4.27949597857,5.00611387828,4.65727081015,3.68311240958,4.8323237672,4.93739754695,4.98965774277,4.38949450355,4.13236704247,4.99814349463,4.36601555855,3.77700671482,4.63827043067,2.80304830784,3.44828759236,4.30567322637,3.87706043335,4.99899612479,4.13596418824,3.98862178194,4.81240702621,4.42412833164,4.95569542139,4.49098778066,4.98927039736,3.63033963031,4.02683498477,2.00658715428,3.71822914497,3.78038124801,4.99617486726
54,5.12750280146,4.81143055513,4.97080053148,3.74401880245,5.02776080193,4.87590255675,3.4190907472,4.77243016943,4.98306587779,5.00485309208,4.22724288502,4.94984044742,5.20658129273,5.30331741324,4.00343881481,4.99748720738,3.02306261849,4.20808382343,4.32444492292,4.32526602125,4.78036501907,4.99323280377,3.99479738939,5.03326469925,4.8059544584,4.83115516922,4.44151593487,4.97962109776,4.57466248202,4.14924997608,3.42537659315,3.70455041216,4.67400287442,4.67875983815
55,3.264379419,3.48100123965,2.95637585995,2.0741513072,3.77072465213,3.46230743314,2.77808694847,2.98787017442,3.06462080818,3.98650560484,2.63727733615,3.34209661936,3.12452793975,3.72380834928,2.99864097963,2.83926237885,1.44630254656,3.16487379421,2.02988361271,4.98004744182,4.9846815196,3.98688996467,2.50684231638,3.70710887236,2.90060618183,2.84241202639,3.58751165623,2.52416412035,2.48087635998,3.99831380979,3.98450562038,4.08230853177,3.32852884389,2.72120461078
56,4.78066159,4.75061711166,4.60436254583,3.42795835221,5.08352168938,4.82209697626,3.31499324195,4.53555894633,4.93157527955,5.11262854745,3.66023874277,4.94877428335,4.87275544882,4.99044367415,4.68011254475,4.02902355278,2.91175760438,4.98557961385,3.83364067208,4.87770469334,5.00310915449,4.78532134789,3.1206700951,4.97934928025,4.89716176882,4.51780913382,4.99296134549,4.4153708419,4.30072337387,4.65471176873,3.67033056175,3.49542900021,4.60425530099,3.71290862318
57,2.59056471136,3.75046428215,2.71048650015,1.98965072737,3.41598860678,3.07837138228,2.55722439138,2.79708396763,2.95165483696,3.65850444585,2.27476816482,2.671456114,3.23663136165,2.01397406504,3.64332988353,2.04463185047,1.04067236261,2.51778933586,2.32388220505,4.98697736176,4.9620650666,2.54840472377,2.99786646669,3.07451327599,2.65372886672,3.01686108023,3.53610052245,2.25623653398,2.07642352267,4.9726199067,2.48008566931,3.62244415879,1.02430519728,3.06454600737
58,3.84827744901,4.09947128311,4.01125440226,3.0294070127,3.79237833921,4.22787148058,2.68735196414,3.95123797567,3.85097005324,3.9405028734,3.612060527,3.87329766282,4.82091439287,4.96763724262,3.12772674305,4.05796084879,3.00638411046,3.38818502663,4.19964820413,4.98425748767,5.0413116426,4.1832664787,4.1767999812,3.88569974052,3.6881641445,3.80307623712,3.71050830863,3.80245414894,3.98933257458,3.3215980696,4.31360596895,4.98823396025,3.01895103437,4.99213092346
59,4.62474317124,4.58589296065,4.19755156231,3.03786041217,4.77196690637,4.7099537866,2.83990672074,4.41118675446,4.2667660594,4.63981239101,3.70666193464,4.45714162869,4.94847536886,4.98980726007,3.83584512286,4.97400401506,2.90412961782,3.89707995927,4.4218499572,4.02055207331,4.99921724657,4.94910261189,4.13548423142,4.42891209381,4.51756621326,4.28770700847,3.89321378976,3.90361801411,4.46072301877,4.9712174439,4.98305035988,4.98940841022,4.93652327674,5.00044479682
60,3.74009279381,3.23895462177,3.81215055667,2.92529922143,4.09872872607,3.74041956813,2.86805660013,3.40586655292,3.45873211926,3.97226711957,3.41384677517,3.29467035977,3.8600575123,4.98332365168,1.90645364538,3.8324877635,2.27889786526,2.79614639651,3.72585270104,3.48024258462,4.54839665753,3.73539572252,2.5744747844,3.8396620932,3.33631653535,3.23588675264,2.87231815211,3.3489424966,2.02828236993,2.69213887129,4.97864969537,4.0021288955,4.97227161267,4.98104997187
61,2.85627987425,2.473993465,3.03979497264,1.82652797063,2.80923280465,2.62541176604,1.26535723783,2.48807275006,2.52316917369,2.75234924426,2.82138636223,2.96081776485,3.06476786905,4.96304776559,1.1933527679,3.05455763382,1.3165503684,2.93948753387,2.41967559638,2.40212809947,3.98110578954,2.56703528559,1.51623764389,2.53042255826,3.38166631894,2.75103319986,2.40681517825,2.80778251983,2.16637323667,1.01481744441,3.98124080428,2.01678145331,2.98755070876,3.0029048411
62,4.43604567853,3.86628422422,4.33067160782,2.87522582828,4.37314180747,4.55294320521,2.43898721461,4.24404454786,4.01647217822,4.25103342775,3.07894200609,4.3099439785,4.75634016133,4.98968286638,3.81225500704,4.1950825794,3.58439924463,3.73063163681,4.48962899297,4.98947482863,4.62643981528,4.79212667409,4.16034923596,4.07411340357,4.07887316365,3.60058963171,3.80118200763,3.58182361338,4.97912411772,4.17628657913,4.98787787159,4.99552374885,4.99045869622,4.19288502026
63,4.35425805418,4.24109352682,4.38212474337,3.66807289873,4.18147208618,4.09847377713,3.53277047407,4.3899716396,4.07378149938,4.0818585801,4.22888979872,3.70887662953,4.51688480161,4.96521475331,2.56845673679,4.97154426918,2.58227061347,2.7030930003,3.69992015938,2.9709799235,5.12949443679,4.46465799683,4.02406659817,4.65291802288,4.00609183256,4.19814958304,3.95316492618,4.36987335121,3.68700718411,2.00235337249,2.0231251385,4.97895586871,4.00582513818,4.99986388438
64,4.59022649925,3.53211279421,3.92021353941,3.47583945722,3.90619763598,3.86536702161,3.21711483875,4.14814958918,3.60905590802,3.58788465098,3.80935040229,3.56446186559,4.01107273338,4.77077998726,1.96943018923,4.96159712938,2.26966967791,2.5020799468,3.20877441207,2.01182871149,3.99838788099,4.96518541768,3.34906537365,4.52931354992,3.70500939468,3.58042621747,3.11325136841,3.97533561205,3.57930380709,1.02797797881,2.00692896199,4.45894850691,4.98765102377,4.00210027464
65,2.38893166706,2.25371747879,2.62254584169,2.50419333023,2.52936995215,2.63694884253,1.73477069539,2.82203779773,2.32518907799,2.30158033188,2.11597787706,1.80010564456,2.58781478431,2.92055777003,1.5436023577,2.54918417618,2.96840134315,1.84165784076,2.85777266573,2.01060957575,2.98332166392,2.64162043041,2.37596579727,2.39625345319,2.15856499442,2.07634794533,2.33258180744,2.28107635845,2.55377973847,1.01264759602,1.82419351072,3.9844211516,2.9978651516,3.15550303874
66,2.99349008455,3.15048605245,3.54149190408,3.1020059323,3.29080367204,3.67495691967,2.46340550868,3.32881372556,3.45703065334,3.54474828359,2.61082024635,2.77504658729,3.58938190734,3.11409072304,2.82432985185,2.55582769665,3.9701449034,2.49138169688,4.00197136147,4.96990370203,3.00651186189,3.19609406117,3.4692964675,3.01450960707,2.05395644693,2.79383653785,3.02295756872,3.20273269076,3.00849475969,3.56333587221,3.2945146594,3.92882710929,2.95766763484,3.98639809267
67,3.53421444113,2.89553613974,3.13162188513,2.44564920581,3.88727131661,3.10108657262,3.22180122278,3.27045558207,2.75600175663,3.37929909029,2.71994027608,2.59555596928,3.12292144629,3.62081769342,2.01722123178,3.71842353433,1.01937727797,1.72598604594,2.51189845139,2.01614520792,4.98548589473,3.77605372447,2.56311368075,4.07586147717,3.23395363664,2.67406820316,2.8958364546,2.37590739338,2.00979891275,1.92679870974,2.52264480907,4.97546302756,4.96533048691,3.99121662934
68,2.28953332012,2.50452587478,1.98552465048,0.839412784865,2.38607950284,2.35008890966,2.00812663932,1.84904677731,2.04096349279,2.86263516512,1.16872443673,2.25297256976,2.08731903479,1.0045157984,3.16265482375,1.3090098996,1.01231696541,1.01782018462,1.84261521031,4.97192500144,2.79098048236,2.45001497706,2.94080932481,2.4499267149,1.28769106684,1.65317317035,2.62571680378,1.07278758941,1.90233575833,4.96336943992,2.67753988942,2.99285993211,1.90049319642,1.0123215352
69,3.72090459081,3.86164334877,3.81057730511,3.43173827704,4.00701583326,4.45413034029,1.58161608137,4.10909758683,4.11425146642,4.16357281555,2.50987001066,3.72713240918,3.75217742721,3.75225668026,4.24822531473,2.5222159554,4.96152782066,4.96511270634,3.99195732422,4.98280002053,2.99977514353,4.01527622886,2.59046569273,3.08637701905,3.49730964556,3.33718046901,4.26442736803,3.49121058432,4.65607912291,4.40348363704,3.79969416292,3.3030541687,3.91789360946,2.02491975124
70,4.05617747511,4.49627592616,3.85490496448,3.35373803314,4.20259448643,4.5363430973,2.2897848588,4.26264123785,4.21070698103,4.05823858987,3.22360950658,3.83283997183,5.18110516693,3.60947177988,4.28122938482,3.79671811976,3.01560626395,3.97851628463,4.95529436495,4.01345788099,4.00448281289,3.79305712687,3.88276862338,3.63907968502,4.19258777385,4.18899610962,3.53313143764,3.74025338431,4.04515812699,4.97362955925,3.99828237623,3.99010382892,3.01336042439,4.99514506934
71,4.25974767112,4.04859972621,4.17150652098,3.10938774358,4.4470695494,3.94414512892,2.35763759605,4.14023387153,4.0455565875,4.0170454116,3.34652554711,3.95035755236,4.45599236767,4.52694388996,3.50630661646,4.02878706705,2.00059627818,3.99887038386,3.71354932571,2.63491494272,4.84286817997,3.60989021958,2.75230639237,3.98898735713,4.94388956568,4.18547701901,3.83666932423,3.90545813055,3.77306398676,3.00348714115,2.71416233057,3.00005562016,3.88105484331,3.99511812077
72,2.48259128573,2.92725721543,2.87819435172,2.33912112102,3.26878039438,3.28925369539,1.74591871191,2.93101625595,3.21184976135,3.45803940579,1.68808295718,2.71892117191,2.62028344107,1.99163976007,3.54901963363,2.07234052828,3.9558187635,3.00063420366,3.01868028538,3.99950996685,2.00411303105,2.90485363814,2.67042268064,2.43905061406,2.02840597568,2.50293187543,3.09216585983,2.60792506915,3.53285157239,4.96316160267,2.55782796847,2.74302787961,3.11409565714,2.27318021408
73,1.34140194865,1.83660874042,1.21245416579,1.1153104959,1.51183342179,1.72017336522,0.891444263409,1.50693848557,1.22917256429,1.52783256481,1.56251870618,1.27814591455,1.95590309802,2.33961073883,0.928200106122,1.59895804009,0.987140322939,1.60837964075,1.76115576368,2.01424225836,2.97619654264,1.64509793465,1.43468079961,1.3753208847,1.61518461586,1.46060002524,1.43585463662,1.0795104807,1.00877863418,1.30062141595,2.97684022482,2.98957797072,1.01677053438,2.54039032391
74,3.37950456254,3.52957865934,2.90368391545,2.2413118315,3.29558207034,3.40411867709,2.97380660121,3.07036277809,2.85006758715,3.46756628145,2.70751066222,2.86111565759,3.73147393615,3.11359696381,2.90636122863,2.76550851229,1.03186483737,1.99338302864,2.98270429676,4.97163242505,4.99466233907,3.59946630692,3.42597770557,3.71692622124,2.70390269597,2.76645138016,3.22351536506,2.22976485049,2.00871906882,3.45393251753,3.64680482659,4.97873299858,2.54983734786,3.57298999693
75,4.20091685339,3.72830094609,4.03566697234,2.84717044751,3.85455068663,4.44430267489,1.92273266852,4.12388198571,3.76596318723,3.78384241725,2.77820935108,3.91598671903,4.76395508948,4.355967615,3.81986830834,3.75329438905,3.9948452371,3.42389774068,4.97962271479,4.99316111226,3.88548805352,4.37769318792,4.3771981039,3.50346911665,3.70477719944,3.34272462185,3.44880614042,3.25599255908,4.98051525221,4.18085111722,4.98455781009,4.99306795507,4.30885269345,4.00659220374
76,3.1823590737,2.82155867862,3.76952717486,3.33362332705,3.47413217955,3.59441423785,2.2798772376,3.59237984153,3.41556849744,3.20196289654,2.85173497789,2.74052601441,3.81174025182,3.95171868365,2.10897254464,3.47494966621,3.9705041254,2.56339544962,4.24645472923,2.90319171565,3.11278497382,3.2753295713,3.19127696639,3.08723016722,2.76934468512,2.96170842838,2.54822988924,3.53455795642,3.35914992041,2.01215032988,2.99521462086,3.99988628618,3.98866897224,4.97668576022
77,3.71120439697,3.17570777557,4.03647469993,2.81369255836,3.2160304776,3.64055381172,2.64456088242,3.48946375816,3.2194459075,3.31003226568,3.00070720355,2.86062612203,4.41088045426,3.65969446843,2.4297907271,3.37613106039,2.99862728699,1.03021793366,4.96628253629,4.97828978385,3.99102563436,3.17608374319,4.79818292947,3.37972093573,2.49273954925,2.92782916055,2.6548085164,3.02413514214,2.93892360182,3.00621608939,3.99051431448,5.00049328222,3.29385355656,4.99010449313
78,2.70764623635,2.53861803414,2.8275527783,1.76211845966,3.01516935324,2.44439872721,1.89750408813,2.74093267066,2.46716619607,2.63408075263,1.9773287363,2.50031780779,2.82888925753,2.71239447593,2.47704810692,2.80992689275,1.00933002479,2.00416050419,1.96744005677,2.0059993639,3.96942895894,2.54160717553,2.44078632152,2.84973479049,3.10796735603,2.57109105648,2.68710518613,2.32033421661,2.97061279142,2.05401935017,1.00969296818,2.88042693119,2.53816951744,2.61462253508
79,3.94430662321,3.94703445356,4.48985942899,3.85134068548,4.07314966766,4.26416921918,2.72351413875,4.12079551009,4.14564694918,4.21221734857,3.41063379705,3.23238701506,4.43262684766,3.85374817599,3.19523425328,3.14905830724,3.9758785943,2.83943323588,4.96508288606,4.98277079348,3.98724463413,3.27088432012,3.75465876775,3.59826113726,3.15701265917,3.69243172723,3.68705477685,3.88566112825,3.01975593153,3.71357353694,3.59945382219,4.00787907891,3.53904208569,4.54840497584
80,3.6768630051,2.52969055396,4.08306062519,3.27819109737,3.20246115143,3.51902505159,2.14609562024,4.06071894428,3.27976589386,2.69875090958,2.26269914945,2.48029373878,3.72413356455,2.78327230057,2.68421978739,3.83427949043,4.96743306338,1.02696035729,4.97386322837,2.02096771682,2.00321562199,3.4708859568,4.70777419281,3.13043658831,2.59487750249,2.61290300916,2.6034599008,3.17707075184,4.97334273622,1.91438109098,1.01841241257,4.97951043689,4.98362068162,4.00071485671
81,4.16255756038,3.19523451876,4.37078486004,2.5262546797,4.43263027855,3.96115497817,1.89588165889,3.80716967859,4.03091293149,4.13744598301,2.3349684306,4.32217446563,3.96852093633,4.09551677058,4.10104520916,3.43910002405,3.00914696922,3.99015321443,3.48724241198,3.97834417871,3.32610003659,3.89636501606,2.87550677297,3.60869110572,4.14782104388,3.44508314319,3.55342436629,3.65499427582,4.96572667847,4.30609130181,3.28178712939,2.02726906841,4.97242261215,2.53739059012
82,3.95255245496,4.14360840034,3.7685957215,3.30853828751,4.41602183719,3.98959558739,2.80242077402,4.02512032812,3.91365843781,4.17702984685,3.44975923482,3.63371283019,4.07278383814,4.23415565894,3.25010248274,3.86958818078,2.00005151015,3.98433741631,3.0304287547,3.01020049271,4.97959280427,3.98566273758,2.51617377599,4.07747786558,4.25454253814,3.98482469886,3.88894337184,3.76027996,3.20097419779,3.15869370407,2.64024025716,3.61538967377,3.64675220518,3.89541887331
83,3.86553277907,4.24662028983,3.55134264969,3.32097423199,4.42526212644,4.60064744023,2.45487419899,4.19908209598,3.9932044085,4.17947793127,3.30894752568,3.93212983854,4.7278542915,4.89420894807,3.61603829544,3.97845285068,3.14516825526,4.96236991478,4.0031957496,4.00719487111,4.99995979096,4.67356456084,2.92142196841,3.91328408822,4.30041222932,3.84786797826,3.73504946872,3.60565755177,4.00112395255,3.8413190666,4.98477808189,4.98199500422,4.00052389416,4.98830428267
84,3.35009948737,2.77044447596,3.03091906114,2.04492430098,3.11181445035,3.80857784012,0.862983692202,3.2421607112,3.16659135198,3.01051382782,1.82266268548,3.69335346602,3.87374714155,3.78173344965,3.51521304612,2.98666574025,3.81394167067,3.98082154735,3.99741039965,3.98954164047,2.02616103867,3.97686119595,3.01637111733,2.50634012936,3.17513137742,2.5881589102,2.52146062284,2.70504570348,4.97333679549,3.96062326379,4.97870215321,3.11906968706,3.99119657674,2.73455795253
85,3.45169495256,3.25683489137,3.42853474327,2.75539298343,3.1589379225,3.64839307494,2.54679983283,3.41856214897,3.12041508549,3.30912533924,2.67241679657,2.85521839575,3.89661123875,3.36047246856,2.80924219153,2.88279546093,2.95619807047,2.00174124686,3.98249139056,4.97101882087,3.90850599716,3.59997945988,3.93820504244,3.36543888396,2.47165015204,2.70855618584,3.09010680497,2.71962290137,3.06941437658,3.01022401795,3.55191076497,4.98560276983,3.07762364259,3.76993267939
86,3.74281939568,4.08367567202,4.36595550496,4.12271967561,4.47945349113,4.20335571917,2.95789482522,4.42006246979,4.54362052739,4.12188964881,3.34993566462,3.52973489347,4.61052512341,3.49850643252,3.8150942659,3.70199392435,3.30340451563,3.968517373,3.98420704198,2.99223040682,3.90295796875,3.45493962481,3.14214042152,3.93816754475,4.0279900581,4.28609873612,3.79084838172,4.59978446939,3.98873780441,3.2664813288,1.03106946039,3.00185136043,3.00145188988,4.977669337
87,2.95907204393,3.24249676695,3.49776545105,2.82870891975,3.9658109503,3.13004942706,3.80029896187,3.19354766221,3.33862865592,3.91894875884,2.77947518071,2.68075180445,3.04509387629,2.85205149261,2.71671077021,2.89805024592,1.50173877177,1.9780463778,2.02911438144,3.96912211709,4.9840512123,3.229104683,2.85379082693,4.06934714099,2.51655933817,3.00573078224,3.5387492732,3.12665704132,2.04012625226,2.9993126039,1.0237872198,3.99548451554,2.98740692071,3.97474532862
88,3.70621863062,3.51266140039,3.43012309476,2.27956463423,3.80361925404,3.87664975824,1.98168626612,3.60952799567,3.20273620476,3.566934025,2.76627600441,3.60200963158,4.2406545271,4.61966790059,3.09656732263,3.79510932636,2.47897899373,3.42010786872,3.76983133465,4.00969654765,4.97906025188,4.10857874628,3.45059860742,3.46325073966,3.88272818032,3.17459129107,3.216240603,2.78477936673,3.98346508476,3.46751621829,4.97454982221,4.99185857611,4.00094021686,4.15995020582
89,3.97891174669,3.41475978647,3.52326072614,2.33740842157,4.04781135166,3.72811232874,2.77635438187,3.50582907679,3.16409766083,4.10360312903,2.48301796927,3.32374333984,3.16646441309,3.76380055658,3.29267602352,2.9073281021,2.25266126348,2.64551792705,2.84246961748,4.98173468291,4.9804935555,4.26117856625,2.97732118279,3.99724619594,3.17407320117,2.65810105867,4.01772248421,2.27644275923,3.00634343619,3.77747728048,3.99329233402,4.98659842706,4.97485079992,2.02458462327
90,3.14371259404,2.42637247235,3.16942233728,2.08570924,3.26914735356,2.84214581859,1.81749254508,3.14841296376,2.79896671138,2.8277515625,1.76142835831,2.77516908834,2.79296874947,2.70891048226,2.91762754352,2.95449062121,2.3242259068,2.26901022922,2.45728085881,2.00488993711,2.98853455194,3.1567567137,2.62425859248,3.0011756687,3.10126448668,2.4599444559,2.88506580722,2.49869183176,3.96796144233,2.34013922459,1.01467209767,2.9953226268,3.98211828958,2.0076266749
91,3.58704744486,2.89335580388,3.13611404772,1.98802816083,3.64469159977,3.46854736119,2.09935720408,3.15923589156,2.9531173416,3.58645029489,1.98063491857,3.19769066136,2.98863603071,3.27298403789,3.20732124692,2.83753268418,2.56799520292,2.63961492307,2.99292357372,3.99546182494,3.45952189689,3.92343892579,2.76803537802,3.34824752574,2.90367981149,2.38756474616,3.20612223398,2.14437233707,3.35701970713,3.98749072523,3.98824023225,3.9904808963,4.97176626895,2.01488998826
92,2.41745376115,3.31536873833,2.96969136103,2.77858928262,3.14406516655,2.79619890442,3.03117880936,2.97668109665,2.8930524559,3.03829503541,2.96378337247,2.11197454649,3.47924774031,2.73137787573,2.12201253416,2.87072992403,1.13018616685,1.79564740679,2.56134002275,2.99446764967,4.96962890665,2.32395182236,2.98012587584,3.24476865963,2.61230920742,3.14497849646,2.86372953698,2.98725836875,1.63397180938,2.07170786402,1.01603939817,3.99118088449,1.02134248857,4.97420361011
93,3.0283221851,2.93716351926,3.2730325599,2.58169558007,3.96160710293,3.11528267773,2.51764907594,3.15507863813,3.18496184752,3.52002199639,2.51041933417,2.7675594427,3.15195698483,3.25891909251,2.55051527674,3.21074330236,1.74820602569,2.77379754154,2.66613862734,2.01552419752,3.98489788244,2.9294386482,2.01284794897,3.34865080495,3.31189465638,3.04696292023,2.81911244663,2.95221004657,2.38529625098,2.9829564266,2.29028776474,2.93081676544,3.98116527029,3.98107863826
94,2.32602401503,2.44439819496,1.9847558656,1.63489578238,2.01404398724,2.84539542702,1.49108440408,2.3283633637,1.90708419683,2.12801983655,2.14828020746,2.2125443484,3.34726234694,3.51693790003,1.57011608102,2.54321318832,2.07176206886,1.96329388301,3.27378295562,3.98972367622,3.58749418335,3.12105889019,3.0891571077,2.24782436984,1.9405203021,1.86785896862,1.78781944715,1.66313974169,2.29683334103,2.01386734474,4.96983082078,4.97917459442,2.01284661072,3.98946342307
95,3.90334257523,3.77709904598,3.00692142213,2.60621761167,3.60707233574,4.22332925982,2.70940687279,3.66175520096,3.49763072977,3.82544452053,2.50615060246,3.62825982904,3.90111208364,2.95201304834,3.9243172168,3.38992678749,3.17884812015,3.03775600034,3.62484274226,4.99099912826,3.02286321589,4.96468030278,3.96886963899,3.82855218041,2.64447904008,2.922320669,3.34423516685,2.75987313068,4.06561140904,4.97766838032,3.99725451427,4.9844607245,4.00080590705,3.00289558631
96,1.15676790255,1.37730763367,1.35816858603,1.73199024432,1.21632428618,1.72346506484,1.59884627951,1.65034053675,1.50656555862,1.10058800096,1.41691248803,0.921863462279,2.24560645705,1.16521159149,0.88500804953,1.93120981349,1.90660923857,0.453614405309,2.48927521134,1.25423494703,1.02796138349,1.67525870396,2.46965336138,1.52298273099,0.634997749454,1.33104445784,0.597498631899,1.66289386563,1.47864595479,0.99741353991,1.00742866154,2.97693652338,1.00448349576,3.96326943345
97,3.91833461699,3.91853166572,4.11285920783,2.94068463325,4.37805644389,4.20138653995,2.85114361111,3.88672594598,4.05600904076,4.29978979279,3.08743975238,3.83030384951,4.54245757179,3.83114072794,3.73405277011,3.90085393477,2.9144639567,3.09827771613,4.3154824388,4.47888370626,4.19405390333,3.87501860229,3.988267958,3.90964951255,3.56701621052,3.77579815853,3.38319152244,3.68703940093,3.78341247011,4.97717493866,3.99163871371,4.00645598782,3.99255597802,4.98108422431
98,4.20793166906,3.77319997716,4.23339810814,2.83939245915,3.91776645521,4.2735649979,2.49432999924,4.12756211348,3.86147496106,3.77370651458,3.08909749701,3.96110309382,4.95849372655,4.2905384701,3.59882201643,4.38307286005,3.44223355739,2.73195902738,4.85837250291,4.50516770103,4.11206988488,4.32593710283,4.97102988923,3.85277989956,3.68685563446,3.63360299458,3.24132131895,3.66338668204,4.98089525005,3.99737939539,3.99067781057,5.00087287864,3.9988204574,4.99026576357
99,2.51567592131,2.02420361953,2.06923903706,1.70336930376,1.98994476577,2.48399225112,1.76957922887,2.41992312001,1.725181326,1.88617159093,1.89483114296,1.84385308982,2.68891309179,2.92226270828,1.330187742,2.64867382915,2.01112153759,1.03968849797,2.77645295918,2.66335339554,3.09481778679,3.15239298275,2.9880678309,2.49635454828,1.79783937952,1.55150519073,1.84817108133,1.48949102019,2.38868245614,1.01881906567,2.98930722585,4.9717588291,2.99241413215,3.00196035057
100,2.45536225392,1.92667589134,2.70329966735,1.87681273233,2.66030862635,2.77121744052,1.33282291462,2.48589019535,2.3821320518,2.22714227136,1.98411045715,2.49494157562,3.54151548429,3.43897037411,1.61001352187,3.15039120811,2.27638972291,2.09405868309,3.5759631412,2.35861305189,2.56212534836,2.68234686369,2.83927435182,2.16563665338,2.41370071597,2.25490802444,1.02382052829,2.54009446534,2.98701905951,2.16496260858,3.98278369543,3.00636604791,2.99050186754,4.9672371976
